,delay,vht,vmt
total,141908.5874,425773.013289,13094157.8704
per passenger,0.122543206949,0.367670423875,11.3072797576
